City_ID,City,Country,Lat,Lng,Max Temp,Humidity,Cloudiness,Wind Speed,Current Description
0,Mataura,NZ,-46.1927,168.8643,60.01,56,35,8.01,light rain
1,Mishkino,RU,55.3389,63.9175,-1.95,90,0,12.06,clear sky
2,Gat,IL,31.61,34.7642,55.0,100,83,5.99,moderate rain
3,Chuy,UY,-33.6971,-53.4616,71.42,60,75,9.08,broken clouds
4,Port Lincoln,AU,-34.7333,135.8667,60.39,77,100,11.86,overcast clouds
5,Sacama,EC,-3.9,-79.2667,77.0,61,75,12.66,moderate rain
6,Ouegoa,NC,-20.35,164.4333,83.71,75,92,10.07,light rain
7,Kapaa,US,22.0752,-159.319,80.6,69,20,19.57,few clouds
8,Tura,IN,25.5198,90.2201,57.61,70,0,3.6,clear sky
9,East London,ZA,-33.0153,27.9116,70.34,71,92,4.9,overcast clouds
10,Chilca,PE,-12.5211,-76.7372,75.2,64,0,17.27,clear sky
11,Yulara,AU,-25.2406,130.9889,64.4,29,0,9.22,clear sky
12,Khatanga,RU,71.9667,102.5,-24.99,81,0,14.05,clear sky
13,Balkhash,KZ,46.844,74.9804,12.74,94,52,9.22,broken clouds
14,Lebu,CL,-37.6167,-73.65,59.45,77,0,21.12,clear sky
15,Riyadh,SA,24.6877,46.7219,64.4,32,0,5.75,clear sky
16,Atuona,PF,-9.8,-139.0333,78.51,77,50,14.81,scattered clouds
17,Juan Aldama,MX,24.2908,-103.3944,63.82,25,0,9.55,clear sky
18,Porto Novo,BJ,6.4965,2.6036,82.4,83,20,9.22,few clouds
19,Pesaro,IT,43.9036,12.8903,39.0,86,100,4.0,overcast clouds
20,Bognor Regis,GB,50.7821,-0.6798,39.99,92,100,12.46,overcast clouds
21,Castro,BR,-24.7911,-50.0119,66.18,95,100,9.57,light rain
22,Fare,PF,-16.7,-151.0167,81.61,74,0,13.02,clear sky
23,Lompoc,US,34.6391,-120.4579,82.4,18,0,12.66,clear sky
24,Meulaboh,ID,4.1363,96.1285,76.3,84,97,4.12,overcast clouds
25,Punta Arenas,CL,-53.15,-70.9167,62.6,59,0,36.82,clear sky
26,San Patricio,US,28.017,-97.5169,70.0,46,20,9.22,few clouds
27,Narsaq,GL,60.9167,-46.05,22.46,90,100,5.7,overcast clouds
28,Busselton,AU,-33.65,115.3333,64.0,69,24,5.01,few clouds
29,Santa Engracia,ES,41.9406,-1.3245,51.01,81,90,12.66,overcast clouds
30,Terney,RU,45.0503,136.6092,0.36,84,0,8.19,clear sky
31,Arlit,NE,18.7369,7.3853,67.03,24,100,7.63,overcast clouds
32,Luderitz,NA,-26.6481,15.1594,65.03,77,17,12.17,few clouds
33,Cape Town,ZA,-33.9258,18.4232,71.01,64,0,16.11,clear sky
34,Terenos,BR,-20.4422,-54.8603,71.6,88,40,16.11,light rain
35,Brugg,CH,47.481,8.2087,35.01,36,100,6.02,overcast clouds
36,Gulf Gate Estates,US,27.2517,-82.5147,62.6,72,90,5.75,overcast clouds
37,Alice Springs,AU,-23.7,133.8833,60.8,44,0,4.61,clear sky
38,Hobart,AU,-42.8794,147.3294,62.6,55,90,20.71,overcast clouds
39,Cabo San Lucas,MX,22.8909,-109.9124,78.8,27,1,5.75,clear sky
40,Shaunavon,CA,49.6501,-108.4181,24.8,74,100,6.91,light snow
41,Rikitea,PF,-23.1203,-134.9692,78.96,75,0,13.38,clear sky
42,Butaritari,KI,3.0707,172.7902,80.58,76,73,19.26,broken clouds
43,Naze,JP,28.3667,129.4833,50.0,81,75,12.66,light rain
44,Cherskiy,RU,68.75,161.3,-32.44,84,92,2.55,overcast clouds
45,Cockburn Town,TC,21.4612,-71.1419,80.6,65,40,5.75,scattered clouds
46,Saint-Paul,RE,-21.0096,55.2707,78.8,69,0,19.57,clear sky
47,Dawson Creek,CA,55.7666,-120.2362,41.0,56,1,12.66,clear sky
48,Ancud,CL,-41.8697,-73.8203,64.4,63,0,8.05,clear sky
49,Arraial Do Cabo,BR,-22.9661,-42.0278,80.6,78,0,17.27,clear sky
50,Morondava,MG,-20.2833,44.2833,83.17,77,1,5.26,clear sky
51,Atar,MR,20.5169,-13.0499,65.98,22,100,16.06,overcast clouds
52,Muisne,EC,0.6,-80.0333,80.6,83,75,6.91,broken clouds
53,Ushuaia,AR,-54.8,-68.3,55.4,71,75,3.44,light rain
54,Pisco,PE,-13.7,-76.2167,73.4,73,0,24.16,clear sky
55,Villa Constitucion,AR,-33.2278,-60.3297,86.0,28,0,1.01,clear sky
56,Khani,GE,41.9563,42.9566,44.6,93,90,13.8,overcast clouds
57,Jamestown,US,42.097,-79.2353,33.01,93,90,11.5,light snow
58,Maiduguri,NG,11.8464,13.1603,72.23,21,5,8.21,clear sky
59,Pangnirtung,CA,66.1451,-65.7125,-7.6,71,20,2.08,few clouds
60,Alta Floresta,BR,-9.8756,-56.0861,75.34,88,47,2.04,scattered clouds
61,Hithadhoo,MV,-0.6,73.0833,80.94,71,92,7.87,overcast clouds
62,Hobyo,SO,5.3505,48.5268,75.94,76,0,12.95,clear sky
63,Port-Gentil,GA,-0.7193,8.7815,80.6,89,75,4.61,moderate rain
64,Avarua,CK,-21.2078,-159.775,84.2,70,90,8.05,overcast clouds
65,Sorland,NO,67.667,12.6934,30.2,93,75,3.44,broken clouds
66,Norman Wells,CA,65.282,-126.8329,-11.2,84,75,2.3,broken clouds
67,Provideniya,RU,64.3833,-173.3,-0.4,65,75,11.18,broken clouds
68,Acapulco,MX,16.8634,-99.8901,84.2,70,40,6.91,scattered clouds
69,Lagoa,PT,39.05,-27.9833,62.19,84,100,25.57,light rain
70,Chicama,PE,-7.8447,-79.1469,69.8,83,0,11.5,clear sky
71,Bluff,NZ,-46.6,168.3333,60.01,56,69,8.01,broken clouds
72,Port Alfred,ZA,-33.5906,26.891,68.0,90,64,4.54,broken clouds
73,Hilo,US,19.7297,-155.09,80.6,57,75,4.61,light rain
74,Berezovka,BY,53.7214,25.4993,-5.49,89,0,3.44,clear sky
75,Tasiilaq,GL,65.6145,-37.6368,23.0,63,0,5.75,clear sky
76,Nemuro,JP,43.3236,145.575,22.69,96,100,3.83,light snow
77,Vestmannaeyjar,IS,63.4427,-20.2734,36.81,81,100,28.32,overcast clouds
78,Qaanaaq,GL,77.484,-69.3632,-2.31,74,0,4.5,clear sky
79,Pevek,RU,69.7008,170.3133,-28.41,86,12,3.22,few clouds
80,Ola,RU,59.5833,151.2833,-11.63,86,100,15.9,overcast clouds
81,Barrow,US,71.2906,-156.7887,-2.2,78,90,16.11,overcast clouds
82,Samarai,PG,-10.6167,150.6667,84.38,76,38,15.08,scattered clouds
83,Chokurdakh,RU,70.6333,147.9167,-26.54,85,100,7.29,overcast clouds
84,Paamiut,GL,61.994,-49.6678,28.17,94,100,9.75,overcast clouds
85,Longyearbyen,SJ,78.2186,15.6401,19.4,68,40,33.38,scattered clouds
86,Mareeba,AU,-17.0,145.4333,75.99,90,100,4.0,overcast clouds
87,Gilgit,PK,35.9221,74.3087,33.28,51,74,2.66,broken clouds
88,Iqaluit,CA,63.7506,-68.5145,-14.8,70,20,5.75,few clouds
89,Sinjar,IQ,36.3209,41.8754,48.2,81,100,13.89,overcast clouds
90,Rawson,AR,-43.3002,-65.1023,67.69,52,12,13.56,few clouds
91,Amnat Charoen,TH,15.9167,104.75,58.17,70,0,20.27,clear sky
92,Ilebo,CD,-4.3167,20.5833,70.84,94,100,0.63,light rain
93,Benguela,AO,-12.5763,13.4055,75.25,74,85,6.24,overcast clouds
94,Beringovskiy,RU,63.05,179.3167,-13.47,87,21,7.78,few clouds
95,Faanui,PF,-16.4833,-151.75,81.39,75,0,14.0,clear sky
96,Ilulissat,GL,69.2167,-51.1,21.2,86,75,11.5,light snow
97,Ust-Kut,RU,56.7938,105.7672,-17.43,85,100,4.07,light snow
98,Belle Fourche,US,44.6714,-103.8522,42.01,41,90,11.5,overcast clouds
99,Gao,ML,16.6362,1.637,71.29,19,88,12.73,overcast clouds
100,Salalah,OM,17.0151,54.0924,66.2,52,0,3.44,clear sky
101,Lingao,CN,19.9103,109.6859,54.84,61,30,10.78,scattered clouds
102,Margate,GB,51.3813,1.3862,41.0,79,99,1.99,overcast clouds
103,Sao Joao Da Barra,BR,-21.6403,-41.0511,80.6,69,0,21.85,clear sky
104,Mount Gambier,AU,-37.8333,140.7667,57.2,94,90,11.5,overcast clouds
105,Kokkola,FI,63.8385,23.1307,28.99,100,90,8.05,overcast clouds
106,Hermanus,ZA,-34.4187,19.2345,64.99,84,0,1.01,clear sky
107,Tuktoyaktuk,CA,69.4541,-133.0374,-4.0,84,90,9.22,overcast clouds
108,Trairi,BR,-3.2778,-39.2689,79.86,75,92,12.12,overcast clouds
109,Makhinjauri,GE,41.6739,41.694,44.6,93,90,14.97,light rain
110,Bengkulu,ID,-3.8004,102.2655,75.16,85,99,5.79,light rain
111,Koumac,NC,-20.5667,164.2833,84.15,72,80,2.77,broken clouds
112,Wernigerode,DE,51.8333,10.7833,30.0,95,96,3.38,overcast clouds
113,Takoradi,GH,4.8845,-1.7554,79.75,81,1,8.3,clear sky
114,Guerrero Negro,MX,27.9769,-114.0611,78.69,19,0,6.82,clear sky
115,Vaini,TO,-21.2,-175.2,86.0,74,75,11.5,broken clouds
116,Rosarito,MX,32.3333,-117.0333,78.8,13,1,8.05,clear sky
117,New Norfolk,AU,-42.7826,147.0587,61.0,70,98,5.99,overcast clouds
118,Liepaja,LV,56.5419,21.0367,10.4,92,90,3.44,overcast clouds
119,Bambous Virieux,MU,-20.3428,57.7575,80.01,78,75,11.5,broken clouds
120,Port Elizabeth,ZA,-33.918,25.5701,66.2,82,75,2.3,broken clouds
121,Albany,US,42.6001,-73.9662,37.99,69,100,1.01,overcast clouds
122,Asau,RO,46.4333,26.4,23.0,86,40,8.05,scattered clouds
123,Friesoythe,DE,53.0167,7.85,36.0,98,95,1.99,overcast clouds
124,Havre-Saint-Pierre,CA,50.2334,-63.5986,33.8,100,90,18.41,mist
125,Carnarvon,AU,-24.8667,113.6333,80.6,78,98,5.75,overcast clouds
126,Blyth,GB,55.1271,-1.5086,43.0,81,90,18.41,overcast clouds
127,Gravdal,NO,68.1214,13.5031,30.2,93,75,3.44,broken clouds
128,Georgetown,MY,5.4112,100.3354,79.0,61,20,14.97,few clouds
129,Big Rapids,US,43.6981,-85.4837,32.0,86,90,3.44,overcast clouds
130,Dwarka,IN,22.2394,68.9678,67.96,62,0,11.59,clear sky
131,Kudahuvadhoo,MV,2.6708,72.8944,81.34,73,7,7.63,clear sky
132,Ituporanga,BR,-27.4144,-49.6025,77.0,97,100,11.99,moderate rain
133,Victoria,HK,22.2855,114.1577,55.0,50,84,9.84,broken clouds
134,Ahipara,NZ,-35.1667,173.1667,67.82,58,32,12.12,scattered clouds
135,Tacna,PE,-18.0056,-70.2483,73.4,68,0,13.8,clear sky
136,Aksha,RU,50.2814,113.2867,-19.14,81,0,1.32,clear sky
137,Teguldet,RU,57.3064,88.1667,13.42,95,100,9.42,overcast clouds
138,Coquimbo,CL,-29.9533,-71.3436,66.2,63,0,16.11,clear sky
139,Scarborough,GB,54.2797,-0.4044,41.0,89,87,4.0,overcast clouds
140,Turayf,SA,31.6725,38.6637,50.0,62,75,13.8,broken clouds
141,Ponta Do Sol,PT,32.6667,-17.1,59.0,63,75,5.75,broken clouds
142,Tuatapere,NZ,-46.1333,167.6833,60.01,56,50,8.01,light rain
143,Walvis Bay,NA,-22.9575,14.5053,68.0,82,45,2.3,scattered clouds
144,Lorengau,PG,-2.0226,147.2712,83.75,74,90,14.41,overcast clouds
145,Ulladulla,AU,-35.35,150.4667,69.01,68,0,6.91,clear sky
146,Yellowknife,CA,62.456,-114.3525,0.0,85,90,4.61,light snow
147,Tebingtinggi,ID,3.3285,99.1625,77.0,100,40,2.3,light rain
148,Matagami,CA,49.7502,-77.6328,10.4,92,90,19.57,light snow
149,Aklavik,CA,68.2191,-135.0107,-4.0,84,75,4.61,broken clouds
150,Charagua,BO,-19.8,-63.2167,69.8,64,90,6.91,overcast clouds
151,Kahului,US,20.8947,-156.47,80.6,61,40,10.36,scattered clouds
152,Codrington,AU,-38.2667,141.9667,59.7,73,99,13.65,overcast clouds
153,Yar-Sale,RU,66.8333,70.8333,-13.5,88,100,16.06,overcast clouds
154,Nikolskoye,RU,59.7035,30.7861,18.0,93,75,4.47,snow
155,Alofi,NU,-19.0595,-169.9187,86.0,70,40,6.91,scattered clouds
156,Upernavik,GL,72.7868,-56.1549,10.98,86,58,7.87,broken clouds
157,Geraldton,AU,-28.7667,114.6,78.8,57,77,2.3,broken clouds
158,Xuddur,SO,4.1213,43.8894,74.25,38,66,13.06,broken clouds
159,Richards Bay,ZA,-28.783,32.0377,73.0,85,84,7.49,light rain
160,Clarksdale,US,34.2001,-90.5709,51.8,43,2,13.8,clear sky
161,Severo-Kurilsk,RU,50.6789,156.125,20.46,92,87,38.61,light snow
162,Aasiaat,GL,68.7098,-52.8699,13.05,90,64,16.46,broken clouds
163,Esperance,AU,-33.8667,121.9,55.4,88,0,8.05,clear sky
164,Sinnamary,GF,5.3833,-52.95,77.81,86,100,12.21,overcast clouds
165,Bredasdorp,ZA,-34.5322,20.0403,68.0,77,50,9.22,scattered clouds
166,Maceio,BR,-9.6658,-35.7353,77.0,83,20,6.91,few clouds
167,Wangqing,CN,43.3218,129.7634,2.97,89,100,3.27,overcast clouds
168,Stykkisholmur,IS,65.0757,-22.7297,31.26,98,99,4.63,overcast clouds
169,Saskylakh,RU,71.9167,114.0833,-27.89,84,67,6.46,broken clouds
170,Buraydah,SA,26.326,43.975,55.4,62,0,5.75,clear sky
171,Taksimo,RU,56.3444,114.8794,-38.61,66,0,0.51,clear sky
172,Dikson,RU,73.5069,80.5464,-24.65,84,50,20.09,scattered clouds
173,Roald,NO,62.5833,6.1333,41.0,70,20,9.22,few clouds
174,Mar Del Plata,AR,-38.0023,-57.5575,64.0,77,75,12.66,broken clouds
175,Ribeira Grande,PT,38.5167,-28.7,62.6,94,75,19.57,light rain
176,General Delgado,PY,-27.1667,-56.5167,80.6,61,75,10.36,broken clouds
177,Campbellton,CA,48.0075,-66.6727,32.0,100,100,8.05,light snow
178,Puerto Ayora,EC,-0.7393,-90.3518,80.6,69,75,17.27,broken clouds
179,Busembatia,UG,0.7697,33.6131,67.14,81,72,4.61,broken clouds
180,Baker City,US,44.7749,-117.8344,44.6,65,1,4.61,clear sky
181,Otofuke,JP,42.9917,143.2003,3.51,90,2,0.09,clear sky
182,Wilmington,US,34.2257,-77.9447,50.0,43,1,10.36,clear sky
183,Grindavik,IS,63.8424,-22.4338,33.8,93,90,21.85,overcast clouds
184,Kruisfontein,ZA,-34.0033,24.7314,66.99,78,60,3.0,broken clouds
185,Constitucion,CL,-35.3333,-72.4167,67.66,55,0,17.52,clear sky
186,Gondar,ET,12.6,37.4667,55.67,40,52,6.04,broken clouds
187,High Level,CA,58.5169,-117.136,10.4,92,75,4.61,broken clouds
188,Portland,US,45.5234,-122.6762,51.8,76,75,0.51,broken clouds
189,Kavieng,PG,-2.5744,150.7967,84.2,72,52,17.07,broken clouds
190,Vostok,RU,46.4856,135.8833,-14.21,87,13,3.85,light snow
191,Fuyu,CN,45.1833,124.8167,-8.84,84,94,11.01,overcast clouds
192,Waddan,LY,29.1614,16.139,49.26,64,0,5.08,clear sky
193,Puerto Escondido,MX,15.85,-97.0667,82.4,69,40,6.91,light rain
194,Mahebourg,MU,-20.4081,57.7,78.8,78,75,11.5,broken clouds
195,Bogalusa,US,30.791,-89.8487,62.6,25,1,9.22,clear sky
196,Tamasopo,MX,21.9333,-99.4833,63.95,61,37,6.51,scattered clouds
197,Yuksekova,TR,37.5736,44.2872,41.0,60,75,9.22,snow
198,Saint George,US,37.1041,-113.5841,62.01,24,1,0.69,clear sky
199,Leningradskiy,RU,69.3833,178.4167,-25.53,84,30,5.99,scattered clouds
200,Lanquin,GT,15.5667,-89.9667,64.4,88,90,4.61,overcast clouds
201,Fairbanks,US,64.8378,-147.7164,6.8,85,1,1.66,clear sky
202,Bud,US,39.447,-86.1758,32.0,91,98,11.03,overcast clouds
203,Touros,BR,-5.1989,-35.4608,78.8,73,20,9.22,few clouds
204,Airai,TL,-8.9266,125.4092,61.38,100,100,0.78,light rain
205,Sibolga,ID,1.7427,98.7792,77.63,75,100,2.59,overcast clouds
206,Cao Bang,VN,22.6667,106.25,42.64,64,33,1.79,scattered clouds
207,Hofn,IS,64.2539,-15.2082,38.88,72,100,12.53,overcast clouds
208,Kichera,RU,55.9375,110.0997,-23.03,68,90,4.25,overcast clouds
209,Carbonia,IT,39.1672,8.5222,55.0,62,20,27.63,few clouds
210,Puerto Colombia,CO,10.9878,-74.9547,84.2,65,20,12.66,few clouds
211,Port Hawkesbury,CA,45.6169,-61.3485,39.2,70,75,20.71,broken clouds
212,Marsh Harbour,BS,26.5412,-77.0636,68.0,65,100,13.49,overcast clouds
213,Elizabeth City,US,36.2946,-76.2511,48.99,53,1,8.05,clear sky
214,Lundazi,ZM,-12.2929,33.1782,67.71,90,100,3.78,light rain
215,Kaitangata,NZ,-46.2817,169.8464,62.01,44,66,8.99,broken clouds
216,Zhigansk,RU,66.7697,123.3711,-47.29,77,78,5.3,broken clouds
217,Vila Velha,BR,-20.3297,-40.2925,79.0,78,20,12.66,few clouds
218,Qaqortoq,GL,60.7167,-46.0333,23.41,94,100,5.61,overcast clouds
219,Kimbe,PG,-5.5502,150.1429,81.66,81,22,2.82,few clouds
220,Saint-Pierre,RE,-21.3393,55.4781,78.8,65,0,4.61,clear sky
221,Falkenberg,SE,56.9055,12.4912,30.99,86,75,6.91,broken clouds
222,Mackay,AU,-21.15,149.2,80.6,74,40,12.66,scattered clouds
223,Sitka,US,57.0531,-135.33,42.8,81,90,6.91,light rain
224,Bandarban,BD,22.1965,92.2262,55.0,73,0,2.42,clear sky
225,Penha,BR,-26.7694,-48.6458,82.4,83,75,11.5,moderate rain
226,Valparaiso,CL,-33.0393,-71.6273,75.2,43,0,6.91,clear sky
227,Rio Grande,BR,-32.035,-52.0986,75.0,67,84,1.99,broken clouds
228,Zhanaozen,KZ,43.3,52.8,37.74,78,0,16.08,clear sky
229,Billings,US,45.7833,-108.5007,46.4,46,75,24.16,broken clouds
230,Isangel,VU,-19.55,169.2667,86.0,84,20,5.75,few clouds
231,Little Current,CA,45.9793,-81.9248,26.6,74,4,5.75,clear sky
232,Te Anau,NZ,-45.4167,167.7167,49.69,78,92,6.02,moderate rain
233,Bogorodskoye,RU,56.55,37.8833,-12.39,91,18,2.19,few clouds
234,Ostrovnoy,RU,68.0531,39.5131,17.8,95,99,12.44,overcast clouds
235,Saldanha,ZA,-33.0117,17.9442,66.2,72,0,5.75,clear sky
236,Miramar,US,25.9873,-80.2323,66.99,48,90,5.75,overcast clouds
237,Assiniboia,CA,49.6334,-105.9845,30.2,74,100,4.61,overcast clouds
238,Prince Rupert,CA,54.3161,-130.3201,46.4,87,90,4.61,light rain
239,Sao Jose Da Coroa Grande,BR,-8.8978,-35.1478,77.95,80,1,9.04,clear sky
240,De-Kastri,RU,51.4667,140.7833,-9.72,87,100,3.49,overcast clouds
241,Nishihara,JP,26.1842,127.7558,59.0,50,75,9.22,broken clouds
242,Arrecife,ES,28.963,-13.5477,59.0,77,20,6.91,few clouds
243,Florianopolis,BR,-27.6146,-48.5012,78.8,89,75,8.05,moderate rain
244,Leshukonskoye,RU,64.8989,45.7622,-7.11,91,92,3.44,overcast clouds
245,San Quintin,MX,30.4833,-115.95,72.99,30,0,6.4,clear sky
246,Cayenne,GF,4.9333,-52.3333,80.6,83,75,6.91,broken clouds
247,Dutse,NG,11.7594,9.3392,69.69,20,0,8.66,clear sky
248,Batticaloa,LK,7.7102,81.6924,77.77,85,87,11.32,light rain
249,Iracoubo,GF,5.4802,-53.2011,77.25,87,100,12.15,overcast clouds
250,Golden,US,39.7555,-105.2211,50.0,23,75,19.57,broken clouds
251,Burnie,AU,-41.0667,145.9167,60.15,69,79,14.74,broken clouds
252,Brae,GB,60.3964,-1.353,44.6,81,75,25.32,broken clouds
253,Uray,RU,60.1247,64.7758,-10.16,90,100,8.3,overcast clouds
254,Christchurch,NZ,-43.5333,172.6333,64.0,63,98,5.75,overcast clouds
255,Thompson,CA,55.7435,-97.8558,-7.6,77,75,3.44,broken clouds
256,Torres,BR,-29.3353,-49.7269,75.47,93,99,8.68,light rain
257,Kieta,PG,-6.2167,155.6333,82.67,75,80,6.73,light rain
258,Mananara,MG,-16.1667,49.7667,75.97,90,44,3.47,light rain
259,Pacific Grove,US,36.6177,-121.9166,78.8,27,1,5.75,clear sky
260,Saint-Philippe,RE,-21.3585,55.7679,78.8,65,0,4.61,clear sky
261,Balikpapan,ID,-1.2675,116.8289,77.0,88,20,3.44,few clouds
262,Rocha,UY,-34.4833,-54.3333,69.13,62,12,11.86,few clouds
263,Joshimath,IN,30.5667,79.5667,45.1,41,0,5.08,clear sky
264,Ranau,MY,5.9538,116.6641,71.6,94,40,8.05,scattered clouds
265,Juba,SS,4.8517,31.5825,79.32,28,69,0.81,broken clouds
266,Araouane,ML,18.9048,-3.5265,64.08,25,34,12.37,scattered clouds
267,La Fria,VE,8.2203,-72.2439,84.2,58,40,9.22,light rain
268,Mtwara,TZ,-10.2667,40.1833,80.6,89,20,11.5,few clouds
269,Atambua,ID,-9.1061,124.8925,74.12,87,100,1.01,light rain
270,Burgeo,CA,47.6167,-57.6152,38.16,85,100,14.72,overcast clouds
271,Tiznit,MA,29.5833,-9.5,55.0,52,0,2.55,clear sky
272,Bechem,GH,7.0903,-2.025,76.48,55,27,3.27,scattered clouds
273,Nowy Dwor Gdanski,PL,54.2131,19.1177,8.01,78,20,3.44,few clouds
274,College,US,64.8569,-147.8028,6.8,85,75,1.86,broken clouds
275,Snezhnogorsk,RU,69.1933,33.2531,28.4,93,75,6.71,snow
276,Mackenzie,CA,55.2999,-123.1698,35.6,87,75,6.91,broken clouds
277,Cairns,AU,-16.9167,145.7667,78.8,83,100,9.22,overcast clouds
278,Mvuma,ZW,-19.2792,30.5283,65.97,95,100,6.11,moderate rain
279,Hambantota,LK,6.1241,81.1185,73.4,100,92,4.61,overcast clouds
280,Zvishavane,ZW,-20.3267,30.0665,69.37,95,100,4.21,light rain
281,Ous,RU,60.9058,61.5186,-14.85,88,63,4.52,broken clouds
282,Brokopondo,SR,4.75,-55.1667,77.43,84,100,12.57,overcast clouds
283,Vaijapur,IN,19.9167,74.7333,74.25,55,61,3.4,broken clouds
284,Porohy,UA,48.6876,24.2632,14.94,93,100,3.67,overcast clouds
285,Katangli,RU,51.7102,143.2326,-20.67,87,19,6.96,few clouds
286,Shizunai,JP,42.3339,142.3669,23.65,91,95,7.09,light snow
287,Olsztyn,PL,53.7799,20.4942,-4.0,84,90,2.3,overcast clouds
288,Sechura,PE,-5.5569,-80.8222,79.99,58,99,17.58,overcast clouds
289,Ikwiriri,TZ,-7.9562,38.9716,74.34,97,91,2.26,overcast clouds
290,Winnipeg,CA,49.8844,-97.147,12.2,79,100,4.61,overcast clouds
291,Beyneu,KZ,45.3167,55.2,33.26,93,41,14.12,scattered clouds
292,Port Blair,IN,11.6667,92.75,79.39,79,28,16.62,scattered clouds
293,Rio Gallegos,AR,-51.6226,-69.2181,71.6,49,20,16.11,few clouds
294,Deputatskiy,RU,69.3,139.9,-34.98,85,98,1.77,overcast clouds
295,Tiksi,RU,71.6872,128.8694,-20.02,88,100,7.65,overcast clouds
296,Amahai,ID,-3.3333,128.9167,82.99,88,100,3.02,heavy intensity rain
297,Buenos Aires,AR,-34.6132,-58.3772,77.0,31,0,9.22,clear sky
298,Along,IN,28.1667,94.7667,51.96,70,0,1.9,clear sky
299,Katsuura,JP,35.1333,140.3,39.0,70,95,7.0,overcast clouds
300,Dalian,CN,38.9122,121.6022,24.8,39,0,4.47,clear sky
301,Belmonte,BR,-15.8631,-38.8828,78.8,73,20,6.91,few clouds
302,Kidal,ML,18.4411,1.4078,68.52,22,84,13.29,broken clouds
303,Santa Ana,US,33.7456,-117.8678,89.6,13,1,8.05,clear sky
304,Danielskuil,ZA,-28.1887,23.5395,69.58,37,0,1.61,clear sky
305,Tautira,PF,-17.7333,-149.15,86.0,70,40,13.8,scattered clouds
306,Ajdabiya,LY,30.7554,20.2263,56.79,62,90,1.01,overcast clouds
307,Uaua,BR,-9.8414,-39.4817,82.0,47,76,16.67,broken clouds
308,Sao Filipe,CV,14.8961,-24.4956,72.9,71,0,7.47,clear sky
309,Kincardine,GB,56.0667,-3.7167,42.8,93,90,13.8,light rain
310,Mpulungu,ZM,-8.7623,31.1141,72.9,63,100,1.45,overcast clouds
311,Trenggalek,ID,-8.05,111.7167,75.13,83,100,3.04,overcast clouds
312,Mapiripan,CO,2.8892,-72.1256,84.11,62,79,5.55,broken clouds
313,Fortuna,US,40.5982,-124.1573,61.0,72,1,13.8,clear sky
314,Astana,KZ,51.1801,71.446,12.2,85,0,13.42,clear sky
315,Teya,RU,60.3778,92.6267,-4.09,89,100,3.74,overcast clouds
316,Diamantino,BR,-14.4086,-56.4461,74.75,88,80,3.8,broken clouds
317,Ulcinj,ME,41.9294,19.2244,33.8,86,90,4.61,overcast clouds
318,Balakirevo,RU,56.5059,38.8432,-10.5,91,11,3.24,few clouds
319,Yerbogachen,RU,61.2767,108.0108,-39.69,79,100,4.9,overcast clouds
320,Hami,CN,42.8,93.45,14.32,75,0,3.47,clear sky
321,Rio Grande City,US,26.3798,-98.8203,73.0,54,32,1.01,scattered clouds
322,Luanda,AO,-8.8368,13.2343,77.0,83,20,9.22,few clouds
323,Anshun,CN,26.25,105.9333,30.87,94,19,1.12,few clouds
324,Sept-Iles,CA,50.2001,-66.3821,32.0,100,100,8.05,light snow
325,Sioux Lookout,CA,50.1001,-91.917,15.8,86,90,4.61,light snow
326,Santa Rosalia,MX,27.3167,-112.2833,72.39,25,0,6.38,clear sky
327,Sidrolandia,BR,-20.9319,-54.9614,71.6,88,40,16.11,light rain
328,Aitape,PG,-3.1374,142.3475,81.19,81,76,7.38,broken clouds
329,North Bend,US,43.4065,-124.2243,55.99,87,1,18.41,clear sky
330,Udachnyy,RU,66.4167,112.4,-35.07,81,100,2.19,overcast clouds
331,Villarrica,PY,-25.75,-56.4333,72.43,95,100,3.51,light rain
332,Umm Kaddadah,SD,13.6017,26.6876,66.13,23,38,15.1,scattered clouds
333,Camana,PE,-16.6228,-72.7111,73.38,67,8,6.4,clear sky
334,Kemijarvi,FI,66.7131,27.4306,12.45,95,98,4.99,overcast clouds
335,Dalbandin,PK,28.8947,64.4101,51.66,33,0,1.45,clear sky
336,Anaconda,US,46.1285,-112.9423,37.4,60,90,12.66,overcast clouds
337,Banepa,NP,27.6298,85.5214,46.4,93,20,2.3,mist
338,Bartica,GY,6.4,-58.6167,80.6,78,20,11.5,few clouds
339,Borgo San Lorenzo,IT,43.9553,11.3835,44.6,53,20,13.8,few clouds
340,Bambanglipuro,ID,-7.95,110.2833,75.63,82,98,3.44,overcast clouds
341,Lubbock,US,33.6001,-101.8338,51.01,34,75,4.65,broken clouds
342,Roma,US,43.2128,-75.4557,34.0,86,90,5.75,light snow
343,Vila Franca Do Campo,PT,37.7167,-25.4333,61.0,88,40,18.41,scattered clouds
344,Cidreira,BR,-30.1811,-50.2056,75.36,90,100,12.3,moderate rain
345,Pochutla,MX,15.7432,-96.4661,84.0,69,75,8.05,broken clouds
346,Moquegua,PE,-17.1956,-70.9353,67.33,62,94,9.98,light rain
347,Yamada,JP,39.4667,141.95,23.47,88,0,4.79,clear sky
348,Isla Mujeres,MX,21.2311,-86.731,68.0,88,90,5.75,light rain
349,Bell Ville,AR,-32.6259,-62.6887,85.24,16,0,9.95,clear sky
350,Kalevala,RU,65.2,31.1667,12.02,96,50,6.35,scattered clouds
351,Trunovskoye,RU,45.4878,42.1358,24.8,93,90,13.42,snow
352,Sakata,JP,38.9167,139.855,27.77,94,99,7.81,light snow
353,Merida,MX,20.9667,-89.6167,73.99,53,75,4.61,broken clouds
354,Yeniseysk,RU,58.4497,92.1703,7.75,94,100,5.55,overcast clouds
355,Tahe,CN,52.3333,124.7333,-20.85,84,100,6.02,overcast clouds
356,Srednekolymsk,RU,67.45,153.6833,-40.65,81,41,3.44,scattered clouds
357,Kuzino,RU,57.0224,59.4412,-2.18,92,100,9.57,overcast clouds
358,Kasongo-Lunda,CD,-6.4667,16.8167,69.44,80,100,0.72,overcast clouds
359,San Remo,IT,43.8182,7.7612,50.0,46,0,10.36,clear sky
360,Bergen,NO,60.392,5.328,37.0,93,75,12.66,light rain
361,Hamilton,US,39.1834,-84.5333,35.01,80,90,8.05,light snow
362,Nchelenge,ZM,-9.3451,28.734,72.45,80,74,5.99,light rain
363,Vanderhoof,CA,54.0166,-124.0198,37.9,83,89,7.63,overcast clouds
364,Flinders,AU,-34.5833,150.8552,75.0,72,15,1.99,few clouds
365,Quang Ngai,VN,15.1167,108.8,64.85,86,95,11.5,light rain
366,Tual,ID,-5.6667,132.75,82.96,79,100,16.84,light rain
367,Madang,PG,-5.2246,145.7966,79.92,85,68,2.57,moderate rain
368,Mayo,US,38.8876,-76.5119,46.4,46,90,4.61,overcast clouds
369,Konya,TR,38.1667,32.5,23.0,86,40,13.8,scattered clouds
370,Viedma,AR,-40.8135,-62.9967,82.0,35,0,6.17,clear sky
371,Hasaki,JP,35.7333,140.8333,34.0,80,75,6.91,light rain
372,Mazyr,BY,52.0495,29.2456,0.82,93,99,5.68,overcast clouds
373,Toyooka,JP,35.5333,134.8333,32.0,74,40,2.3,scattered clouds
374,Caravelas,BR,-17.7125,-39.2481,76.53,82,0,6.96,clear sky
375,Dombarovskiy,RU,50.7587,59.5386,-0.62,88,61,1.5,broken clouds
376,Luwuk,ID,-0.9516,122.7875,77.23,81,100,3.22,overcast clouds
377,Tres Arroyos,AR,-38.3739,-60.2798,64.74,66,4,12.35,clear sky
378,Road Town,VG,18.4167,-64.6167,78.8,78,40,5.75,scattered clouds
379,Petukhovo,RU,55.0692,67.9019,1.35,91,22,13.98,few clouds
380,Nawa,IN,27.0167,75.0,56.26,49,0,7.96,clear sky
381,Aksu,CN,41.1231,80.2644,11.14,87,0,2.13,clear sky
382,Inverell,AU,-29.7833,151.1167,75.0,79,100,5.14,overcast clouds
383,Conde,BR,-7.2597,-34.9075,78.8,78,0,10.36,clear sky
384,Sausar,IN,21.65,78.7833,66.2,59,0,2.3,haze
385,Avera,US,33.194,-82.5271,50.0,46,1,9.22,clear sky
386,Taoudenni,ML,22.6783,-3.9836,58.98,31,38,16.6,scattered clouds
387,Amboasary,MG,-25.0333,46.3833,80.6,74,20,4.74,few clouds
388,Gorom-Gorom,BF,14.4439,-0.2361,77.0,17,100,8.39,overcast clouds
389,Stulovo,RU,58.7225,50.1439,-13.23,89,7,3.6,clear sky
390,Skjervoy,NO,70.0311,20.9714,35.87,85,100,14.65,overcast clouds
391,Helena,US,46.5927,-112.0361,43.0,49,90,24.16,overcast clouds
392,Mukhen,RU,48.1,136.1,-6.83,87,93,4.45,overcast clouds
393,Jiuquan,CN,39.7432,98.5174,17.58,66,0,1.9,clear sky
394,Longkou,CN,37.6508,120.3286,29.77,87,0,14.54,clear sky
395,Killybegs,IE,54.6333,-8.45,41.0,93,82,5.01,broken clouds
396,Clyde River,CA,70.4692,-68.5914,6.8,92,90,26.46,snow
397,Bethel,US,41.3712,-73.414,41.0,52,90,8.05,overcast clouds
398,Korla,CN,41.7597,86.1469,14.61,82,0,1.14,clear sky
399,Bereda,ES,43.2686,-7.5406,48.0,100,45,1.01,scattered clouds
400,Baruun-Urt,MN,46.6806,113.2792,-19.34,86,50,3.87,scattered clouds
401,Katete,UG,-0.7818,29.7544,66.83,63,77,1.9,broken clouds
402,Kavaratti,IN,10.5669,72.642,81.79,75,0,5.86,clear sky
403,Noumea,NC,-22.2763,166.4572,82.99,74,75,3.44,broken clouds
404,Salamiyah,SY,35.0113,37.0532,46.63,78,16,17.94,few clouds
405,Bathsheba,BB,13.2167,-59.5167,78.8,73,40,19.57,scattered clouds
406,Obidos,BR,-1.9175,-55.5181,83.01,63,29,1.61,scattered clouds
407,Kendari,ID,-3.945,122.4989,75.25,93,100,1.95,overcast clouds
408,Vardo,NO,70.3705,31.1107,33.8,86,40,25.32,snow
409,Valkeakoski,FI,61.2642,24.0312,19.99,92,90,3.44,overcast clouds
410,Marovoay,MG,-16.1,46.6333,82.4,83,20,4.61,light rain
411,Kilindoni,TZ,-7.9139,39.6668,81.03,81,89,15.14,overcast clouds
412,Nanortalik,GL,60.1432,-45.2371,27.07,94,100,4.25,overcast clouds
413,Olinda,BR,-8.0089,-34.8553,78.8,65,20,11.5,few clouds
414,Dingle,PH,10.9995,122.6711,74.98,92,100,7.56,overcast clouds
415,Torrington,US,41.8007,-73.1212,39.0,77,86,5.99,overcast clouds
416,Kirakira,SB,-10.4544,161.9205,84.7,73,47,8.3,light rain
417,Mlandizi,TZ,-6.7,38.7333,80.6,83,40,16.11,scattered clouds
418,Ongandjera,NA,-17.8833,15.0667,77.74,42,100,11.72,overcast clouds
419,Talnakh,RU,69.4865,88.3972,-8.73,76,100,4.61,overcast clouds
420,Riorges,FR,46.0418,4.0497,35.01,100,90,2.3,overcast clouds
421,Asfi,MA,32.2994,-9.2372,54.68,73,0,9.69,clear sky
422,Kaniama,CD,-7.5667,24.1833,65.43,92,96,0.72,overcast clouds
423,Vuktyl,RU,63.8567,57.3094,-15.2,89,100,3.65,overcast clouds
424,Lavrentiya,RU,65.5833,-171.0,-10.55,82,100,10.31,overcast clouds
425,Dvinskoy,RU,62.1535,45.1175,5.79,94,100,4.94,snow
426,Kanigoro,ID,-8.13,112.219,73.15,89,97,3.18,overcast clouds
427,Bose,IT,45.4612,8.0137,34.0,89,24,1.01,few clouds
428,Bilma,NE,18.6853,12.9164,63.75,26,100,16.75,overcast clouds
429,Sivas,TR,39.7916,37.0019,21.2,93,90,8.05,light snow
430,Boende,CD,-0.2167,20.8667,69.06,94,99,1.97,overcast clouds
431,San Ramon,US,37.7799,-121.978,75.2,20,1,11.5,clear sky
432,Saint Anthony,US,45.0205,-93.218,21.99,86,90,5.75,overcast clouds
433,Tres Lagoas,BR,-20.7511,-51.6783,75.97,89,100,4.88,moderate rain
434,Tamworth,GB,52.634,-1.6959,41.0,81,0,5.75,clear sky
435,Diffa,NE,13.3154,12.6113,70.45,21,1,8.95,clear sky
436,Aswan,EG,24.0934,32.907,56.55,40,0,6.71,clear sky
437,Modasa,IN,23.4667,73.3,65.19,48,0,1.81,clear sky
438,Sembakung,ID,3.8167,117.25,75.2,94,20,3.44,few clouds
439,Karratha,AU,-20.7377,116.8463,89.47,54,62,5.32,broken clouds
440,Maragogi,BR,-9.0122,-35.2225,77.79,80,0,8.41,clear sky
441,Conway,US,35.0887,-92.4421,52.0,32,40,18.41,scattered clouds
442,Sur,OM,22.5667,59.5289,68.09,56,2,5.46,clear sky
443,Nizwa,OM,22.9333,57.5333,57.36,48,30,2.53,scattered clouds
444,Sultanpur,IN,26.2667,82.0667,51.69,82,0,4.5,clear sky
445,Luzhou,CN,28.8724,105.4405,39.4,79,45,3.65,scattered clouds
446,Witu,KE,-2.3889,40.4382,78.8,83,75,5.75,haze
447,Batemans Bay,AU,-35.7167,150.1833,71.01,61,0,1.01,clear sky
448,Krasnokamensk,RU,50.0979,118.0369,-24.93,78,0,4.41,clear sky
449,North Myrtle Beach,US,33.816,-78.68,50.0,49,1,9.22,clear sky
450,Birjand,IR,32.8663,59.2211,39.2,22,0,6.91,clear sky
451,Povenets,RU,62.8487,34.8262,13.48,95,97,5.35,snow
452,Ambilobe,MG,-13.2,49.05,74.88,92,61,0.81,broken clouds
453,Wewak,PG,-3.5534,143.6268,81.97,81,84,8.01,moderate rain
454,Praia Da Vitoria,PT,38.7333,-27.0667,61.0,94,75,32.82,moderate rain
455,Labuhan,ID,-6.8844,112.2051,76.89,84,100,8.16,light rain
456,Dzhebariki-Khaya,RU,62.2167,135.8,-52.55,76,85,2.06,overcast clouds
457,Gashua,NG,12.871,11.0482,70.11,20,0,9.69,clear sky
458,Fukue,JP,32.6881,128.8419,42.3,74,100,11.48,overcast clouds
459,Mantua,IT,45.1667,10.7833,32.0,92,82,1.01,broken clouds
460,Kamenka,RU,51.3223,42.7678,-2.0,86,100,5.86,overcast clouds
461,Bonavista,CA,48.6499,-53.1147,37.0,100,100,9.22,light rain
462,Suozhen,CN,36.9539,118.1047,25.47,72,0,5.35,clear sky
463,Dunedin,NZ,-45.8742,170.5036,63.0,50,81,5.99,broken clouds
464,Kodiak,US,57.79,-152.4072,37.4,81,90,14.97,light rain
465,Tabuk,PH,17.4189,121.4443,67.35,90,100,9.17,overcast clouds
466,Bosansko Grahovo,BA,44.1794,16.3639,34.0,49,26,1.99,scattered clouds
467,Plougastel-Daoulas,FR,48.3667,-4.3667,44.6,93,90,2.3,overcast clouds
468,Camacha,PT,33.0833,-16.3333,57.2,62,75,5.75,broken clouds
469,Ossora,RU,59.2353,163.0719,0.61,91,100,22.24,light snow
470,Catamarca,AR,-28.4696,-65.7852,81.0,46,9,1.63,clear sky
471,Derzhavinsk,KZ,51.1,66.3167,6.71,94,2,7.36,clear sky
472,Concarneau,FR,47.875,-3.9225,37.4,93,0,1.14,clear sky
473,Manicore,BR,-5.8092,-61.3003,84.25,70,86,2.39,overcast clouds
474,Pucallpa,PE,-8.3791,-74.5539,89.6,58,40,8.05,scattered clouds
475,Troitskoye,RU,52.9821,84.6757,6.53,92,12,6.71,few clouds
476,Porangatu,BR,-13.4408,-49.1486,73.89,89,92,2.91,overcast clouds
477,San Cristobal,VE,7.7669,-72.225,84.2,58,40,9.22,scattered clouds
478,Xining,CN,36.6167,101.7667,13.98,59,0,2.77,clear sky
479,Port Hedland,AU,-20.3167,118.5667,84.2,61,14,6.91,few clouds
480,Jalingo,NG,8.8833,11.3667,78.57,18,42,3.83,scattered clouds
481,Yunyang,CN,33.4474,112.7142,31.82,83,0,3.62,clear sky
482,Lasa,IT,46.6166,10.7002,30.99,74,75,6.91,broken clouds
483,San Jose De Las Lajas,CU,22.9614,-82.1511,71.6,68,75,10.36,broken clouds
484,Akyab,MM,20.15,92.9,62.96,76,0,6.42,clear sky
485,Terrace,CA,54.5163,-128.6035,41.0,93,75,9.22,broken clouds
486,Bogyiszlo,HU,46.3864,18.8296,23.07,94,26,4.47,scattered clouds
487,Homer,US,59.6425,-151.5483,41.0,75,75,6.91,broken clouds
488,Ipixuna,BR,-1.7625,-48.8043,78.8,83,40,4.61,light rain
489,Tanete,ID,-3.9443,119.7848,76.32,80,100,3.13,overcast clouds
490,Mandalgovi,MN,45.7625,106.2708,6.64,87,0,4.9,clear sky
491,Husavik,IS,66.0449,-17.3389,33.8,80,90,3.44,snow
492,Bahar,IR,34.9072,48.4414,35.04,85,49,12.01,scattered clouds
493,Broken Hill,AU,-31.95,141.4333,59.0,58,0,18.41,clear sky
494,Virginia Beach,US,36.8529,-75.978,48.0,52,73,3.0,broken clouds
495,Haines Junction,CA,60.7522,-137.5108,23.0,93,77,1.14,broken clouds
496,Eyl,SO,7.9803,49.8164,73.36,72,0,12.82,clear sky
497,Beloha,MG,-25.1667,45.05,74.25,82,100,6.82,overcast clouds
498,Hualmay,PE,-11.0964,-77.6139,73.4,72,23,11.16,few clouds
499,Caririacu,BR,-7.0422,-39.2836,78.96,46,100,0.89,overcast clouds
500,Synya,RU,65.3718,58.0387,-21.5,87,99,3.38,overcast clouds
501,Borinskoye,RU,52.4569,39.3713,-5.35,92,100,2.86,overcast clouds
502,Chapais,CA,49.7834,-74.8492,19.4,93,90,11.5,light snow
503,Adre,TD,13.4667,22.2,64.04,23,23,10.65,few clouds
504,Bairiki,KI,1.3292,172.9752,82.4,74,40,12.66,scattered clouds
505,Saint-Augustin,CA,51.226,-58.6502,36.93,94,100,28.27,moderate rain
506,Makakilo City,US,21.3469,-158.0858,75.2,73,90,4.61,overcast clouds
507,Berdigestyakh,RU,62.0989,126.6992,-47.87,76,97,3.65,overcast clouds
508,Salinas,US,36.6777,-121.6555,78.8,31,1,4.92,clear sky
509,Banikoara,BJ,11.2985,2.4386,74.17,18,97,4.79,overcast clouds
510,Kushmurun,KZ,52.4503,64.6311,-0.54,91,0,8.14,clear sky
511,Savannah Bight,HN,16.45,-85.85,79.0,88,75,4.61,broken clouds
512,Torbay,CA,47.6666,-52.7314,37.0,100,90,18.41,moderate rain
513,Limbang,MY,4.75,115.0,73.4,94,75,4.61,moderate rain
514,Alekseyevskaya,RU,50.2896,42.1845,1.99,80,99,1.01,snow
515,Jinchang,CN,38.4953,102.1739,23.05,60,0,3.38,clear sky
516,Hervey Bay,AU,-25.2986,152.8535,82.99,72,99,3.0,overcast clouds
517,Huntley,US,42.1681,-88.4281,30.99,83,100,1.01,overcast clouds
518,Songjianghe,CN,42.1859,127.479,0.9,90,100,5.28,overcast clouds
519,Boddam,GB,57.4667,-1.7833,39.2,87,100,6.91,overcast clouds
520,Lixourion,GR,38.2019,20.4314,45.73,63,100,4.25,overcast clouds
521,Tahta,EG,26.7693,31.5021,55.4,41,0,9.22,clear sky
522,Malakal,SS,9.5334,31.6605,78.69,22,47,7.29,scattered clouds
523,Buala,SB,-8.145,159.5921,82.67,79,57,8.88,light rain
524,Chaibasa,IN,22.5667,85.8167,53.08,57,0,1.36,clear sky
525,Marawi,PH,7.9986,124.2928,75.0,90,100,1.01,overcast clouds
526,Waipawa,NZ,-41.4122,175.5153,66.2,52,0,16.11,clear sky
527,Svetlogorsk,BY,52.6333,29.7333,-3.35,91,78,5.75,broken clouds
528,Passos,BR,-20.7189,-46.6097,70.52,89,100,1.92,overcast clouds
529,Atbasar,KZ,51.8,68.3333,5.34,94,0,8.88,clear sky
530,Calvinia,ZA,-31.4707,19.776,69.53,52,0,5.77,clear sky
531,Whitianga,NZ,-36.8333,175.7,68.63,54,34,13.0,scattered clouds
532,Teguise,ES,29.0605,-13.564,59.0,77,20,6.91,few clouds
533,Tilichiki,RU,60.4667,166.1,-15.99,84,100,15.37,overcast clouds
534,Soyo,AO,-6.1349,12.3689,79.52,79,69,10.04,broken clouds
535,Bubaque,GW,11.2833,-15.8333,78.13,66,95,13.78,overcast clouds
536,Gagra,GE,43.3283,40.2239,42.8,87,90,2.24,overcast clouds
537,Grand Gaube,MU,-20.0064,57.6608,80.01,78,98,8.01,overcast clouds
538,Hay River,CA,60.8156,-115.7999,8.6,85,75,6.91,light snow
539,Rolla,US,37.9514,-91.7713,35.01,80,90,9.22,light snow
540,Alyangula,AU,-13.8483,136.4192,77.0,73,75,3.44,light rain
541,Cabra,ES,37.4725,-4.4421,46.0,45,100,2.57,overcast clouds
542,Mount Isa,AU,-20.7333,139.5,77.0,22,22,12.66,few clouds
543,Gurmatkal,IN,16.8667,77.4,65.05,69,0,7.29,clear sky
544,Andapa,MG,-14.65,49.65,70.07,91,21,2.04,few clouds
545,Maryville,US,35.7565,-83.9705,44.6,57,90,12.66,overcast clouds
546,Vung Tau,VN,10.346,107.0843,72.7,75,26,6.67,scattered clouds
547,Galle,LK,6.0367,80.217,76.01,88,92,4.09,light rain
548,Ketchikan,US,55.3422,-131.6461,44.6,87,75,6.91,light rain
549,Cortez,US,37.3489,-108.5859,53.6,17,1,13.8,clear sky
550,Tocopilla,CL,-22.092,-70.1979,70.66,50,9,4.12,clear sky
551,Male,MV,4.1748,73.5089,82.4,83,20,5.75,few clouds
552,Mae Ramat,TH,16.984,98.5166,65.05,67,29,4.63,scattered clouds
553,Broome,US,42.2506,-75.833,37.0,69,90,8.05,overcast clouds
554,Wuhan,CN,30.5833,114.2667,32.0,69,0,4.47,clear sky
555,Gazanjyk,TM,39.2446,55.5154,43.47,78,54,3.09,broken clouds
556,Nagar Karnul,IN,16.4821,78.3247,65.01,73,0,3.06,clear sky
557,Nara,JP,34.6851,135.8049,32.0,74,20,2.3,few clouds
558,Emba,KZ,48.8264,58.1442,17.92,91,87,6.08,overcast clouds
559,Necochea,AR,-38.5473,-58.7368,64.0,71,75,20.31,broken clouds
560,Kautokeino,NO,69.0125,23.0412,16.75,91,100,3.0,overcast clouds
561,Beira,MZ,-19.8436,34.8389,75.2,94,90,11.5,moderate rain
562,Zhangye,CN,38.9342,100.4517,22.12,69,0,6.13,clear sky
563,Nouadhibou,MR,20.931,-17.0347,66.2,34,0,12.66,sand
564,Adrar,MR,20.5022,-10.0711,61.3,27,100,11.83,overcast clouds
565,Dolgorukovo,RU,52.3195,38.3453,-3.64,92,100,3.44,overcast clouds
566,Belaya Gora,RU,68.5333,146.4167,-37.37,83,41,0.34,scattered clouds
567,Taganak,PH,6.0833,118.3,71.6,100,40,5.08,moderate rain
568,Okha,RU,53.5739,142.9478,-19.37,87,24,13.29,few clouds
569,Aktau,KZ,43.65,51.2,35.6,87,90,11.18,overcast clouds
570,Macapa,BR,0.0389,-51.0664,84.2,74,40,9.22,scattered clouds
571,Darhan,MN,49.4867,105.9228,0.57,85,72,0.36,broken clouds
572,Hongjiang,CN,27.11,109.9956,36.54,81,0,2.19,clear sky
573,Moose Factory,CA,51.2585,-80.6094,8.6,85,20,8.05,few clouds
574,Soe,ID,-9.8607,124.284,66.67,99,92,2.51,overcast clouds
575,Goderich,CA,43.7501,-81.7165,32.0,93,100,4.61,overcast clouds
576,Brownwood,US,31.7093,-98.9912,59.0,25,1,8.05,clear sky
577,Polis,CY,35.0367,32.4264,57.2,58,40,26.46,scattered clouds
578,Stockach,DE,47.85,9.0167,34.0,85,97,7.0,overcast clouds
579,Middelburg,ZA,-25.7751,29.4648,64.4,85,93,9.73,overcast clouds
580,Skeldon,GY,5.8833,-57.1333,76.53,87,99,7.09,overcast clouds
581,Ishigaki,JP,24.3448,124.1572,57.2,67,75,14.97,broken clouds
582,Falmouth,GB,50.1544,-5.0711,44.6,81,75,11.5,broken clouds
583,Mabaruma,GY,8.2,-59.7833,74.91,91,89,4.63,overcast clouds
584,Kalmunai,LK,7.4167,81.8167,76.69,86,60,5.73,light rain
585,Jibuti,DJ,11.5,42.5,73.4,83,20,7.56,haze
586,Hukeri,IN,16.2333,74.6,71.51,52,62,8.16,broken clouds
587,Yarim,YE,14.298,44.3779,47.91,51,0,1.95,clear sky
588,Jalor,IN,25.35,72.6167,57.15,69,0,1.1,clear sky
589,Swan River,CA,52.1058,-101.2676,6.8,85,99,9.22,overcast clouds
590,Pandan,PH,14.0453,124.1694,78.57,81,100,15.46,overcast clouds
591,Shitanjing,CN,39.2342,106.3439,21.63,61,0,4.81,clear sky
592,Nicoya,CR,10.1483,-85.452,89.6,45,40,10.36,scattered clouds
593,Praia,CV,14.9215,-23.5087,71.6,73,0,16.11,clear sky
594,Odessa,UA,46.4775,30.7326,10.4,72,20,4.47,few clouds
595,Mayumba,GA,-3.432,10.6554,78.35,81,82,4.18,broken clouds
596,Tete,MZ,-16.1564,33.5867,77.0,100,75,2.3,light rain
597,Laguna,US,38.421,-121.4238,69.01,45,1,3.67,clear sky
598,Los Llanos De Aridane,ES,28.6585,-17.9182,64.4,68,90,1.14,overcast clouds
599,Portree,GB,57.4129,-6.1942,42.01,87,100,21.0,overcast clouds
600,Juazeiro,BR,-9.4117,-40.4986,80.6,54,0,7.14,clear sky
601,Anzio,IT,41.4853,12.6179,37.99,81,0,8.05,clear sky
602,Altay,CN,47.8667,88.1167,12.49,58,44,1.92,scattered clouds
603,Vikulovo,RU,56.8167,70.6107,11.14,94,100,13.89,overcast clouds
604,Esso,RU,55.9333,158.7,15.58,90,100,6.17,overcast clouds
605,Auki,SB,-8.7676,160.7034,83.26,75,85,3.91,light rain
606,Trogir,HR,43.5125,16.2517,33.8,47,0,8.05,clear sky
607,Muros,ES,42.7762,-9.0603,51.01,91,6,5.88,clear sky
608,Novobelokatay,RU,55.7062,58.9549,-3.66,90,100,9.98,overcast clouds
609,Madimba,TZ,-10.4,40.3333,80.6,89,20,11.5,few clouds
610,Abeche,TD,13.8292,20.8324,67.93,20,0,8.95,clear sky
611,Malvern,US,34.3623,-92.813,55.4,24,20,11.5,few clouds
612,Khonsa,IN,27.0167,95.5667,51.8,75,0,4.41,clear sky
613,Corinth,GR,37.9407,22.9573,36.0,62,99,3.0,overcast clouds
614,Timizart,DZ,36.8,4.2667,47.08,52,0,5.53,clear sky
615,Novyy Urengoy,RU,66.0833,76.6333,-10.91,90,100,14.36,overcast clouds
616,Buta,CD,2.7858,24.73,72.41,68,2,1.99,clear sky
617,Waingapu,ID,-9.6567,120.2641,78.12,81,86,5.12,light rain
618,Kondoa,TZ,-4.9,35.7833,61.88,92,100,0.76,light rain
619,Arman,RU,59.7,150.1667,-13.31,86,100,16.64,light snow
620,Katol,IN,21.2667,78.5833,66.2,59,0,2.3,haze
621,Damaturu,NG,11.747,11.9608,70.59,23,4,8.12,clear sky
622,Truro,GB,50.2653,-5.0544,44.6,93,75,4.61,broken clouds
623,Kez,RU,57.8979,53.7152,-13.23,88,0,3.04,clear sky
624,Muzhi,RU,65.3667,64.6667,-14.8,89,100,4.0,overcast clouds
625,Ranfurly,NZ,-45.1333,170.1,57.0,49,65,7.0,broken clouds
626,Yenagoa,NG,4.9247,6.2642,77.43,87,20,4.79,few clouds
627,Najran,SA,17.4924,44.1277,59.0,36,0,1.61,clear sky
628,Fez,MA,34.0372,-4.9998,39.2,100,0,9.22,clear sky
629,Strelka,RU,58.0728,93.0344,10.24,94,100,7.11,overcast clouds
630,Pueblo Nuevo,MX,23.3833,-105.3833,70.25,22,0,4.29,clear sky
631,Ulaangom,MN,49.9811,92.0667,-20.96,84,80,1.3,broken clouds
632,Guanica,PR,17.9716,-66.908,79.0,73,99,1.01,overcast clouds
633,Nabire,ID,-3.3667,135.4833,75.79,89,100,3.67,light rain
634,Sumter,US,28.7086,-82.0831,57.0,71,99,1.99,overcast clouds
635,Ust-Omchug,RU,61.15,149.6333,-26.41,81,100,10.07,overcast clouds
636,Goleta,TN,36.8181,10.305,53.6,66,20,14.97,few clouds
637,Namibe,AO,-15.1961,12.1522,73.71,75,99,10.69,overcast clouds
638,Aberfeldy,GB,56.62,-3.8645,41.0,85,100,18.01,heavy intensity rain
639,Lakes Entrance,AU,-37.8811,147.981,66.99,64,46,1.01,scattered clouds
640,Tucuma,BR,-0.1833,-50.05,77.79,86,4,7.38,clear sky
641,Wonosobo,ID,-7.36,109.9025,51.01,96,99,1.01,overcast clouds
642,Carutapera,BR,-1.195,-46.02,79.57,81,68,8.08,broken clouds
643,Mingaora,PK,34.7758,72.3625,46.45,44,91,3.91,overcast clouds
644,Erenhot,CN,43.6475,111.9767,-0.92,86,0,3.04,clear sky
645,Corinto,GR,37.9407,22.9573,36.0,62,99,3.0,overcast clouds
646,Moron,AR,-34.6534,-58.6198,77.0,41,0,4.0,clear sky
647,Kattivakkam,IN,13.2167,80.3167,71.6,88,40,6.76,mist
648,Iquique,CL,-20.2208,-70.1431,75.2,50,0,16.11,clear sky
649,Florence,IT,43.7667,11.25,44.6,53,20,13.8,few clouds
650,Tevaitoa,PF,-16.7833,-151.5,81.48,75,0,14.0,clear sky
651,Zyryanka,RU,65.75,150.85,-36.47,83,100,4.79,overcast clouds
652,Turukhansk,RU,65.8167,87.9833,-13.79,87,100,18.77,overcast clouds
653,Taywarah,AF,33.35,64.4167,23.83,75,28,4.61,scattered clouds
654,Poronaysk,RU,49.2167,143.1167,-14.98,83,92,2.55,overcast clouds
655,Ambon,ID,-3.6954,128.1814,77.0,94,40,16.11,moderate rain
656,Omboue,GA,-1.5746,9.2618,77.45,87,90,6.58,light rain
657,Jardim,BR,-21.4803,-56.1381,75.69,94,100,3.8,moderate rain
658,Ternate,ID,0.8,127.4,80.19,79,100,5.93,moderate rain
659,Buin,CL,-33.7333,-70.75,90.0,18,0,9.22,clear sky
660,Coahuayana,MX,18.7333,-103.6833,80.6,54,75,11.5,broken clouds
661,Chanika,TZ,-5.4167,38.0167,70.32,98,100,2.42,overcast clouds
662,Lucapa,AO,-8.4192,20.7447,65.68,96,37,2.75,scattered clouds
663,Faro,PT,37.0194,-7.9322,50.0,76,0,5.75,clear sky
664,Kisangani,CD,0.5167,25.2,72.7,83,58,2.66,broken clouds
665,Cabedelo,BR,-6.9811,-34.8339,78.8,78,0,10.36,clear sky
666,Borovoy,RU,55.4333,86.0833,14.0,85,40,13.42,scattered clouds
667,Talas,TR,38.6908,35.5538,28.4,93,75,5.75,light snow
668,Ayorou,NE,14.7308,0.9174,75.94,17,87,7.96,overcast clouds
669,Port Pirie,AU,-33.1833,138.0167,62.6,72,90,12.66,overcast clouds
670,Tarko-Sale,RU,64.9225,77.785,-2.87,92,100,14.79,overcast clouds
671,Celestun,MX,20.8667,-90.4,71.83,61,72,13.35,broken clouds
672,Lata,PT,40.1629,-8.3327,48.0,80,33,3.13,scattered clouds
673,Kloulklubed,PW,7.0419,134.2556,75.2,88,90,9.22,overcast clouds
674,Port-Cartier,CA,50.0334,-66.8654,32.0,100,100,8.05,snow
675,Mitsamiouli,KM,-11.3847,43.2844,81.43,78,1,8.86,clear sky
676,Port Hardy,CA,50.6996,-127.4199,48.2,93,75,4.61,mist
677,Takahagi,JP,36.7167,140.7167,30.99,62,24,8.75,light snow
678,Imeni Babushkina,RU,59.7573,43.1285,-5.37,91,76,5.35,broken clouds
679,Santa Barbara,US,34.7333,-120.0343,82.4,16,1,5.75,clear sky
680,Pangody,RU,65.85,74.4859,-12.59,89,100,11.86,overcast clouds
681,La Tuque,CA,47.4334,-72.7824,28.4,86,100,9.22,overcast clouds
682,Santa Rosa,PH,14.3122,121.1114,77.0,78,90,2.3,overcast clouds
683,Comodoro Rivadavia,AR,-45.8667,-67.5,75.2,43,0,13.8,clear sky
684,Komsomolskiy,UZ,40.4272,71.7189,35.6,60,85,6.91,mist
685,Miastko,PL,54.0028,16.9826,5.0,85,9,1.01,clear sky
686,Magadan,RU,59.5667,150.8,-10.93,87,100,12.55,overcast clouds
687,Saint-Leu,RE,-21.15,55.2833,78.8,65,0,4.61,clear sky
688,Sambava,MG,-14.2667,50.1667,77.83,88,45,6.31,scattered clouds
689,Plettenberg Bay,ZA,-34.0527,23.3716,65.14,88,18,7.45,few clouds
690,La Maddalena,IT,41.2142,9.4083,50.0,87,0,6.91,clear sky
691,Elesbao Veloso,BR,-6.2019,-42.1403,80.56,64,78,1.52,broken clouds
692,Vanimo,PG,-2.6741,141.3028,80.08,82,88,5.75,light rain
693,Coihaique,CL,-45.5752,-72.0662,62.6,55,75,10.36,broken clouds
694,Ghanzi,BW,-21.5667,21.7833,75.94,59,100,5.88,light rain
695,Sumenep,ID,-7.0167,113.8667,76.32,88,100,10.65,moderate rain
